[
    {
        "ip": "184.105.186.72",
        "port": 3128,
        "geolocation": {
            "status": "success",
            "country": "United States",
            "countryCode": "US",
            "region": "NE",
            "regionName": "Nebraska",
            "city": "Omaha",
            "zip": "68101",
            "lat": 41.2574,
            "lon": -95.9381,
            "timezone": "America/Chicago",
            "isp": "Hurricane Electric LLC",
            "org": "Hurricane Electric",
            "as": "AS6939 Hurricane Electric LLC",
            "query": "184.105.186.72"
        }
    },
    {
        "ip": "35.193.113.186",
        "port": 80,
        "geolocation": {
            "status": "success",
            "country": "United States",
            "countryCode": "US",
            "region": "IA",
            "regionName": "Iowa",
            "city": "Council Bluffs",
            "zip": "",
            "lat": 41.2619,
            "lon": -95.8608,
            "timezone": "America/Chicago",
            "isp": "Google LLC",
            "org": "Google Cloud (us-central1)",
            "as": "AS396982 Google LLC",
            "query": "35.193.113.186"
        }
    },
    {
        "ip": "31.186.239.244",
        "port": 8080,
        "geolocation": {
            "status": "success",
            "country": "Netherlands",
            "countryCode": "NL",
            "region": "NH",
            "regionName": "North Holland",
            "city": "Amsterdam",
            "zip": "1012",
            "lat": 52.3759,
            "lon": 4.8975,
            "timezone": "Europe/Amsterdam",
            "isp": "NetSkope Inc",
            "org": "InterNAP Network Services",
            "as": "AS55256 Netskope Inc",
            "query": "31.186.239.244"
        }
    },
    {
        "ip": "31.186.239.246",
        "port": 8080,
        "geolocation": {
            "status": "success",
            "country": "Netherlands",
            "countryCode": "NL",
            "region": "NH",
            "regionName": "North Holland",
            "city": "Amsterdam",
            "zip": "1012",
            "lat": 52.3759,
            "lon": 4.8975,
            "timezone": "Europe/Amsterdam",
            "isp": "NetSkope Inc",
            "org": "InterNAP Network Services",
            "as": "AS55256 Netskope Inc",
            "query": "31.186.239.246"
        }
    },
    {
        "ip": "81.181.109.143",
        "port": 2019,
        "geolocation": {
            "status": "success",
            "country": "France",
            "countryCode": "FR",
            "region": "IDF",
            "regionName": "\u00cele-de-France",
            "city": "Paris",
            "zip": "75000",
            "lat": 48.8566,
            "lon": 2.35222,
            "timezone": "Europe/Paris",
            "isp": "Virtono Networks SRL",
            "org": "Virtono Networks SRL",
            "as": "AS9009 M247 Europe SRL",
            "query": "81.181.109.143"
        }
    },
    {
        "ip": "49.0.2.242",
        "port": 8090,
        "geolocation": {
            "status": "success",
            "country": "Indonesia",
            "countryCode": "ID",
            "region": "JB",
            "regionName": "West Java",
            "city": "Cikarawang",
            "zip": "",
            "lat": -6.55344,
            "lon": 106.729,
            "timezone": "Asia/Jakarta",
            "isp": "PT Usaha Adi Sanggoro",
            "org": "",
            "as": "AS55701 PT. Usaha Adisanggoro",
            "query": "49.0.2.242"
        }
    },
    {
        "ip": "138.2.64.185",
        "port": 8118,
        "geolocation": {
            "status": "success",
            "country": "Singapore",
            "countryCode": "SG",
            "region": "04",
            "regionName": "South East",
            "city": "Singapore",
            "zip": "",
            "lat": 1.36945,
            "lon": 103.969,
            "timezone": "Asia/Singapore",
            "isp": "Oracle Corporation",
            "org": "Oracle Corporation",
            "as": "AS31898 Oracle Corporation",
            "query": "138.2.64.185"
        }
    },
    {
        "ip": "70.44.204.206",
        "port": 8888,
        "geolocation": {
            "status": "success",
            "country": "United States",
            "countryCode": "US",
            "region": "PA",
            "regionName": "Pennsylvania",
            "city": "Reading",
            "zip": "19606",
            "lat": 40.3368,
            "lon": -75.8744,
            "timezone": "America/New_York",
            "isp": "PenTeleData Inc.",
            "org": "PenTeleData House Account",
            "as": "AS3737 PenTeleData Inc.",
            "query": "70.44.204.206"
        }
    },
    {
        "ip": "117.18.13.69",
        "port": 8118,
        "geolocation": {
            "status": "success",
            "country": "Hong Kong",
            "countryCode": "HK",
            "region": "KKC",
            "regionName": "Kowloon City",
            "city": "Hung Hom",
            "zip": "96521",
            "lat": 22.3097,
            "lon": 114.188,
            "timezone": "Asia/Hong_Kong",
            "isp": "Sun Network (Hong Kong) Limited",
            "org": "Mega II",
            "as": "AS38197 Sun Network (Hong Kong) Limited - HongKong Backbone",
            "query": "117.18.13.69"
        }
    },
    {
        "ip": "201.229.250.19",
        "port": 8080,
        "geolocation": {
            "status": "success",
            "country": "Dominican Republic",
            "countryCode": "DO",
            "region": "25",
            "regionName": "Provincia de Santiago",
            "city": "Santiago de los Caballeros",
            "zip": "01111",
            "lat": 19.4478,
            "lon": -70.7044,
            "timezone": "America/Santo_Domingo",
            "isp": "Compa\u00f1\u00eda Dominicana de Tel\u00e9fonos S. A.",
            "org": "Compa\u00f1\u00eda Dominicana de Tel\u00e9fonos S. A",
            "as": "AS6400 Compa\u00f1\u00eda Dominicana de Tel\u00e9fonos S. A.",
            "query": "201.229.250.19"
        }
    },
    {
        "ip": "195.181.198.178",
        "port": 8118,
        "geolocation": {
            "status": "success",
            "country": "Finland",
            "countryCode": "FI",
            "region": "08",
            "regionName": "Central Finland",
            "city": "Karstula",
            "zip": "43500",
            "lat": 62.8699,
            "lon": 24.809,
            "timezone": "Europe/Helsinki",
            "isp": "Keski-Suomen Valokuituverkot Oy",
            "org": "",
            "as": "AS43016 Keski-Suomen Valokuituverkot Oy",
            "query": "195.181.198.178"
        }
    },
    {
        "ip": "129.226.15.129",
        "port": 80,
        "geolocation": {
            "status": "success",
            "country": "Hong Kong",
            "countryCode": "HK",
            "region": "HCW",
            "regionName": "Central and Western District",
            "city": "Central",
            "zip": "96521",
            "lat": 22.2908,
            "lon": 114.1501,
            "timezone": "Asia/Hong_Kong",
            "isp": "Tencent Cloud Computing (Beijing) Co",
            "org": "",
            "as": "AS132203 Tencent Building, Kejizhongyi Avenue",
            "query": "129.226.15.129"
        }
    },
    {
        "ip": "134.238.252.143",
        "port": 8080,
        "geolocation": {
            "status": "success",
            "country": "India",
            "countryCode": "IN",
            "region": "MH",
            "regionName": "Maharashtra",
            "city": "Mumbai",
            "zip": "",
            "lat": 19.0759,
            "lon": 72.8776,
            "timezone": "Asia/Kolkata",
            "isp": "Google LLC",
            "org": "Palo Alto Networks, Inc",
            "as": "AS396982 Google LLC",
            "query": "134.238.252.143"
        }
    },
    {
        "ip": "160.16.130.191",
        "port": 3128,
        "geolocation": {
            "status": "success",
            "country": "Japan",
            "countryCode": "JP",
            "region": "13",
            "regionName": "Tokyo",
            "city": "Tokyo",
            "zip": "100-0001",
            "lat": 35.6887,
            "lon": 139.745,
            "timezone": "Asia/Tokyo",
            "isp": "SAKURA Internet Inc.",
            "org": "SAKURA",
            "as": "AS9370 SAKURA Internet Inc.",
            "query": "160.16.130.191"
        }
    },
    {
        "ip": "75.126.253.8",
        "port": 8080,
        "geolocation": {
            "status": "success",
            "country": "United States",
            "countryCode": "US",
            "region": "TX",
            "regionName": "Texas",
            "city": "Dallas",
            "zip": "75244",
            "lat": 32.9339,
            "lon": -96.828,
            "timezone": "America/Chicago",
            "isp": "SoftLayer",
            "org": "SoftLayer Technologies Inc",
            "as": "AS36351 SoftLayer Technologies Inc.",
            "query": "75.126.253.8"
        }
    },
    {
        "ip": "130.255.138.245",
        "port": 8080,
        "geolocation": {
            "status": "success",
            "country": "Ukraine",
            "countryCode": "UA",
            "region": "40",
            "regionName": "Sebastopol City",
            "city": "Sevastopol",
            "zip": "99001",
            "lat": 44.6089,
            "lon": 33.53,
            "timezone": "Europe/Simferopol",
            "isp": "Lancom Ltd.",
            "org": "Lancom Ltd",
            "as": "AS35816 Lancom Ltd.",
            "query": "130.255.138.245"
        }
    },
    {
        "ip": "200.105.215.22",
        "port": 33630,
        "geolocation": {
            "status": "success",
            "country": "Bolivia",
            "countryCode": "BO",
            "region": "L",
            "regionName": "Departamento de La Paz",
            "city": "La Paz",
            "zip": "",
            "lat": -16.5002,
            "lon": -68.1493,
            "timezone": "America/La_Paz",
            "isp": "AXS Bolivia S. A.",
            "org": "AXS Bolivia S. A",
            "as": "AS26210 AXS Bolivia S. A.",
            "query": "200.105.215.22"
        }
    },
    {
        "ip": "103.152.232.83",
        "port": 8080,
        "geolocation": {
            "status": "success",
            "country": "Indonesia",
            "countryCode": "ID",
            "region": "JB",
            "regionName": "West Java",
            "city": "Subang",
            "zip": "",
            "lat": -7.131,
            "lon": 108.5267,
            "timezone": "Asia/Jakarta",
            "isp": "PT Kingpolah Network Solutions",
            "org": "PT Kingpolah Network Solutions",
            "as": "AS140446 PT Kingpolah Network Solutions",
            "query": "103.152.232.83"
        }
    },
    {
        "ip": "190.26.201.194",
        "port": 8080,
        "geolocation": {
            "status": "success",
            "country": "Colombia",
            "countryCode": "CO",
            "region": "DC",
            "regionName": "Bogota D.C.",
            "city": "Bogot\u00e1",
            "zip": "110921",
            "lat": 4.6784,
            "lon": -74.1568,
            "timezone": "America/Bogota",
            "isp": "ETB - Colombia",
            "org": "ETB - Colombia",
            "as": "AS19429 ETB - Colombia",
            "query": "190.26.201.194"
        }
    },
    {
        "ip": "159.89.132.108",
        "port": 8989,
        "geolocation": {
            "status": "success",
            "country": "United States",
            "countryCode": "US",
            "region": "CA",
            "regionName": "California",
            "city": "Santa Clara",
            "zip": "95051",
            "lat": 37.3417,
            "lon": -121.9753,
            "timezone": "America/Los_Angeles",
            "isp": "DigitalOcean, LLC",
            "org": "Digital Ocean",
            "as": "AS14061 DigitalOcean, LLC",
            "query": "159.89.132.108"
        }
    },
    {
        "ip": "93.114.194.26",
        "port": 1337,
        "geolocation": {
            "status": "success",
            "country": "Romania",
            "countryCode": "RO",
            "region": "AR",
            "regionName": "Arad",
            "city": "Lipova",
            "zip": "315400",
            "lat": 46.0847,
            "lon": 21.6882,
            "timezone": "Europe/Bucharest",
            "isp": "Interkvm Host SRL",
            "org": "Interkvm Host SRL",
            "as": "AS25198 ZetServers",
            "query": "93.114.194.26"
        }
    },
    {
        "ip": "117.18.13.69",
        "port": 8118,
        "geolocation": {
            "status": "success",
            "country": "Hong Kong",
            "countryCode": "HK",
            "region": "KKC",
            "regionName": "Kowloon City",
            "city": "Hung Hom",
            "zip": "96521",
            "lat": 22.3097,
            "lon": 114.188,
            "timezone": "Asia/Hong_Kong",
            "isp": "Sun Network (Hong Kong) Limited",
            "org": "Mega II",
            "as": "AS38197 Sun Network (Hong Kong) Limited - HongKong Backbone",
            "query": "117.18.13.69"
        }
    },
    {
        "ip": "81.181.109.143",
        "port": 2019,
        "geolocation": {
            "status": "success",
            "country": "France",
            "countryCode": "FR",
            "region": "IDF",
            "regionName": "\u00cele-de-France",
            "city": "Paris",
            "zip": "75000",
            "lat": 48.8566,
            "lon": 2.35222,
            "timezone": "Europe/Paris",
            "isp": "Virtono Networks SRL",
            "org": "Virtono Networks SRL",
            "as": "AS9009 M247 Europe SRL",
            "query": "81.181.109.143"
        }
    },
    {
        "ip": "129.226.15.129",
        "port": 80,
        "geolocation": {
            "status": "success",
            "country": "Hong Kong",
            "countryCode": "HK",
            "region": "HCW",
            "regionName": "Central and Western District",
            "city": "Central",
            "zip": "96521",
            "lat": 22.2908,
            "lon": 114.1501,
            "timezone": "Asia/Hong_Kong",
            "isp": "Tencent Cloud Computing (Beijing) Co",
            "org": "",
            "as": "AS132203 Tencent Building, Kejizhongyi Avenue",
            "query": "129.226.15.129"
        }
    },
    {
        "ip": "49.0.2.242",
        "port": 8090,
        "geolocation": {
            "status": "success",
            "country": "Indonesia",
            "countryCode": "ID",
            "region": "JB",
            "regionName": "West Java",
            "city": "Cikarawang",
            "zip": "",
            "lat": -6.55344,
            "lon": 106.729,
            "timezone": "Asia/Jakarta",
            "isp": "PT Usaha Adi Sanggoro",
            "org": "",
            "as": "AS55701 PT. Usaha Adisanggoro",
            "query": "49.0.2.242"
        }
    },
    {
        "ip": "123.182.59.50",
        "port": 8089,
        "geolocation": {
            "status": "success",
            "country": "China",
            "countryCode": "CN",
            "region": "HE",
            "regionName": "Hebei",
            "city": "Zhangjiakou",
            "zip": "",
            "lat": 40.7846,
            "lon": 114.8559,
            "timezone": "Asia/Shanghai",
            "isp": "Chinanet",
            "org": "Chinanet HE",
            "as": "AS4134 CHINANET-BACKBONE",
            "query": "123.182.59.50"
        }
    },
    {
        "ip": "31.186.239.246",
        "port": 8080,
        "geolocation": {
            "status": "success",
            "country": "Netherlands",
            "countryCode": "NL",
            "region": "NH",
            "regionName": "North Holland",
            "city": "Amsterdam",
            "zip": "1012",
            "lat": 52.3759,
            "lon": 4.8975,
            "timezone": "Europe/Amsterdam",
            "isp": "NetSkope Inc",
            "org": "InterNAP Network Services",
            "as": "AS55256 Netskope Inc",
            "query": "31.186.239.246"
        }
    },
    {
        "ip": "45.167.125.61",
        "port": 9992,
        "geolocation": {
            "status": "success",
            "country": "Colombia",
            "countryCode": "CO",
            "region": "CAU",
            "regionName": "Departamento del Cauca",
            "city": "Popay\u00e1n",
            "zip": "190001",
            "lat": 2.4764,
            "lon": -76.5716,
            "timezone": "America/Bogota",
            "isp": "Sepcom Comunicaciones SAS",
            "org": "Sepcom Comunicaciones",
            "as": "AS269804 SEPCOM COMUNICACIONES SAS",
            "query": "45.167.125.61"
        }
    },
    {
        "ip": "31.186.239.244",
        "port": 8080,
        "geolocation": {
            "status": "success",
            "country": "Netherlands",
            "countryCode": "NL",
            "region": "NH",
            "regionName": "North Holland",
            "city": "Amsterdam",
            "zip": "1012",
            "lat": 52.3759,
            "lon": 4.8975,
            "timezone": "Europe/Amsterdam",
            "isp": "NetSkope Inc",
            "org": "InterNAP Network Services",
            "as": "AS55256 Netskope Inc",
            "query": "31.186.239.244"
        }
    },
    {
        "ip": "128.199.67.35",
        "port": 80,
        "geolocation": {
            "status": "success",
            "country": "Singapore",
            "countryCode": "SG",
            "region": "05",
            "regionName": "South West",
            "city": "Singapore",
            "zip": "627753",
            "lat": 1.32123,
            "lon": 103.695,
            "timezone": "Asia/Singapore",
            "isp": "DigitalOcean, LLC",
            "org": "DigitalOcean, LLC",
            "as": "AS14061 DigitalOcean, LLC",
            "query": "128.199.67.35"
        }
    },
    {
        "ip": "105.112.191.250",
        "port": 3128,
        "geolocation": {
            "status": "success",
            "country": "Nigeria",
            "countryCode": "NG",
            "region": "LA",
            "regionName": "Lagos",
            "city": "Lagos",
            "zip": "",
            "lat": 6.4474,
            "lon": 3.3903,
            "timezone": "Africa/Lagos",
            "isp": "Airtel Networks Limited",
            "org": "Airtel Networks Limited",
            "as": "AS36873 Airtel Networks Limited",
            "query": "105.112.191.250"
        }
    },
    {
        "ip": "103.4.94.2",
        "port": 8080,
        "geolocation": {
            "status": "success",
            "country": "Pakistan",
            "countryCode": "PK",
            "region": "PB",
            "regionName": "Punjab",
            "city": "Lahore",
            "zip": "54000",
            "lat": 31.5826,
            "lon": 74.3276,
            "timezone": "Asia/Karachi",
            "isp": "HEC",
            "org": "Pern",
            "as": "AS45773 PERN AS Content Servie Provider, Islamabad, Pakistan",
            "query": "103.4.94.2"
        }
    },
    {
        "ip": "45.167.125.97",
        "port": 9992,
        "geolocation": {
            "status": "success",
            "country": "Colombia",
            "countryCode": "CO",
            "region": "CAU",
            "regionName": "Departamento del Cauca",
            "city": "Popay\u00e1n",
            "zip": "190001",
            "lat": 2.4764,
            "lon": -76.5716,
            "timezone": "America/Bogota",
            "isp": "Sepcom Comunicaciones SAS",
            "org": "Sepcom Comunicaciones",
            "as": "AS269804 SEPCOM COMUNICACIONES SAS",
            "query": "45.167.125.97"
        }
    },
    {
        "ip": "134.238.252.143",
        "port": 8080,
        "geolocation": {
            "status": "success",
            "country": "India",
            "countryCode": "IN",
            "region": "MH",
            "regionName": "Maharashtra",
            "city": "Mumbai",
            "zip": "",
            "lat": 19.0759,
            "lon": 72.8776,
            "timezone": "Asia/Kolkata",
            "isp": "Google LLC",
            "org": "Palo Alto Networks, Inc",
            "as": "AS396982 Google LLC",
            "query": "134.238.252.143"
        }
    },
    {
        "ip": "89.107.197.165",
        "port": 3128,
        "geolocation": {
            "status": "success",
            "country": "Russia",
            "countryCode": "RU",
            "region": "TUL",
            "regionName": "Tula Oblast",
            "city": "Tula",
            "zip": "300045",
            "lat": 54.2021,
            "lon": 37.6179,
            "timezone": "Europe/Moscow",
            "isp": "LLC TK Altair",
            "org": "LLC TK Altair",
            "as": "AS40993 MTS PJSC",
            "query": "89.107.197.165"
        }
    },
    {
        "ip": "176.192.70.58",
        "port": 8017,
        "geolocation": {
            "status": "success",
            "country": "Russia",
            "countryCode": "RU",
            "region": "MOW",
            "regionName": "Moscow",
            "city": "Moscow",
            "zip": "144700",
            "lat": 55.7705,
            "lon": 37.6062,
            "timezone": "Europe/Moscow",
            "isp": "Net By Net Holding LLC",
            "org": "Net By Net Holding LLC",
            "as": "AS12714 PJSC MegaFon",
            "query": "176.192.70.58"
        }
    },
    {
        "ip": "182.253.36.60",
        "port": 8080,
        "geolocation": {
            "status": "success",
            "country": "Indonesia",
            "countryCode": "ID",
            "region": "JK",
            "regionName": "Jakarta",
            "city": "Jakarta",
            "zip": "",
            "lat": -6.20933,
            "lon": 106.821,
            "timezone": "Asia/Jakarta",
            "isp": "BIZNET",
            "org": "",
            "as": "AS38060 Biznet NAP - Internet Exchange Provider",
            "query": "182.253.36.60"
        }
    },
    {
        "ip": "3.126.79.210",
        "port": 3128,
        "geolocation": {
            "status": "success",
            "country": "Germany",
            "countryCode": "DE",
            "region": "HE",
            "regionName": "Hesse",
            "city": "Frankfurt am Main",
            "zip": "60313",
            "lat": 50.1109,
            "lon": 8.68213,
            "timezone": "Europe/Berlin",
            "isp": "Amazon Technologies Inc.",
            "org": "AWS EC2 (eu-central-1)",
            "as": "AS16509 Amazon.com, Inc.",
            "query": "3.126.79.210"
        }
    },
    {
        "ip": "201.71.2.152",
        "port": 999,
        "geolocation": {
            "status": "success",
            "country": "Venezuela",
            "countryCode": "VE",
            "region": "A",
            "regionName": "Distrito Federal",
            "city": "Caracas",
            "zip": "",
            "lat": 10.5048,
            "lon": -66.9208,
            "timezone": "America/Caracas",
            "isp": "Level 3 Communications, Inc.",
            "org": "Inversiones FAROCA",
            "as": "AS3549 Level 3 Parent, LLC",
            "query": "201.71.2.152"
        }
    },
    {
        "ip": "35.193.113.186",
        "port": 80,
        "geolocation": {
            "status": "success",
            "country": "United States",
            "countryCode": "US",
            "region": "IA",
            "regionName": "Iowa",
            "city": "Council Bluffs",
            "zip": "",
            "lat": 41.2619,
            "lon": -95.8608,
            "timezone": "America/Chicago",
            "isp": "Google LLC",
            "org": "Google Cloud (us-central1)",
            "as": "AS396982 Google LLC",
            "query": "35.193.113.186"
        }
    },
    {
        "ip": "201.71.2.49",
        "port": 999,
        "geolocation": {
            "status": "success",
            "country": "Venezuela",
            "countryCode": "VE",
            "region": "A",
            "regionName": "Distrito Federal",
            "city": "Caracas",
            "zip": "",
            "lat": 10.5048,
            "lon": -66.9208,
            "timezone": "America/Caracas",
            "isp": "Level 3 Communications, Inc.",
            "org": "Inversiones FAROCA",
            "as": "AS3549 Level 3 Parent, LLC",
            "query": "201.71.2.49"
        }
    },
    {
        "ip": "111.225.153.91",
        "port": 8089,
        "geolocation": {
            "status": "success",
            "country": "China",
            "countryCode": "CN",
            "region": "HE",
            "regionName": "Hebei",
            "city": "Gaocheng",
            "zip": "",
            "lat": 37.8957,
            "lon": 114.904,
            "timezone": "Asia/Shanghai",
            "isp": "Chinanet",
            "org": "Chinanet HE",
            "as": "AS4134 CHINANET-BACKBONE",
            "query": "111.225.153.91"
        }
    },
    {
        "ip": "193.51.158.210",
        "port": 80,
        "geolocation": {
            "status": "success",
            "country": "France",
            "countryCode": "FR",
            "region": "OCC",
            "regionName": "Occitanie",
            "city": "Montpellier",
            "zip": "34000",
            "lat": 43.6107,
            "lon": 3.8809,
            "timezone": "Europe/Paris",
            "isp": "LHH",
            "org": "",
            "as": "AS2200 Renater",
            "query": "193.51.158.210"
        }
    },
    {
        "ip": "157.100.12.138",
        "port": 999,
        "geolocation": {
            "status": "success",
            "country": "Ecuador",
            "countryCode": "EC",
            "region": "L",
            "regionName": "Provincia de Loja",
            "city": "Celica",
            "zip": "",
            "lat": -4.10266,
            "lon": -79.9566,
            "timezone": "America/Guayaquil",
            "isp": "Telconet S.A",
            "org": "Ecuanet - Corporacion Ecuatoriana De Informacion",
            "as": "AS27947 Telconet S.A",
            "query": "157.100.12.138"
        }
    },
    {
        "ip": "128.199.67.35",
        "port": 80,
        "geolocation": {
            "status": "success",
            "country": "Singapore",
            "countryCode": "SG",
            "region": "05",
            "regionName": "South West",
            "city": "Singapore",
            "zip": "627753",
            "lat": 1.32123,
            "lon": 103.695,
            "timezone": "Asia/Singapore",
            "isp": "DigitalOcean, LLC",
            "org": "DigitalOcean, LLC",
            "as": "AS14061 DigitalOcean, LLC",
            "query": "128.199.67.35"
        }
    },
    {
        "ip": "61.7.141.30",
        "port": 8080,
        "geolocation": {
            "status": "success",
            "country": "Thailand",
            "countryCode": "TH",
            "region": "13",
            "regionName": "Pathum Thani",
            "city": "Khlong Luang",
            "zip": "12120",
            "lat": 14.0647,
            "lon": 100.646,
            "timezone": "Asia/Bangkok",
            "isp": "CAT Telecom Public Company Limited",
            "org": "National Telecom Public Company Limited",
            "as": "AS131090 CAT TELECOM Public Company Ltd,CAT",
            "query": "61.7.141.30"
        }
    },
    {
        "ip": "122.155.165.191",
        "port": 3128,
        "geolocation": {
            "status": "success",
            "country": "Thailand",
            "countryCode": "TH",
            "region": "10",
            "regionName": "Bangkok",
            "city": "Ratchathewi",
            "zip": "10400",
            "lat": 13.7544,
            "lon": 100.542,
            "timezone": "Asia/Bangkok",
            "isp": "CAT Telecom Public Company Limited",
            "org": "",
            "as": "AS9335 CAT Telecom Public Company Limited",
            "query": "122.155.165.191"
        }
    },
    {
        "ip": "221.219.101.79",
        "port": 9000,
        "geolocation": {
            "status": "success",
            "country": "China",
            "countryCode": "CN",
            "region": "BJ",
            "regionName": "Beijing",
            "city": "Beijing",
            "zip": "",
            "lat": 39.9143,
            "lon": 116.3861,
            "timezone": "Asia/Shanghai",
            "isp": "China Unicom Beijing Province Network",
            "org": "",
            "as": "AS4808 China Unicom Beijing Province Network",
            "query": "221.219.101.79"
        }
    },
    {
        "ip": "106.225.178.110",
        "port": 9002,
        "geolocation": {
            "status": "success",
            "country": "China",
            "countryCode": "CN",
            "region": "JX",
            "regionName": "Jiangxi",
            "city": "Dunhou",
            "zip": "",
            "lat": 27.0875,
            "lon": 114.904,
            "timezone": "Asia/Shanghai",
            "isp": "China Telecom",
            "org": "Chinanet JX",
            "as": "AS139201 Jiangxi Jiujiang IDC",
            "query": "106.225.178.110"
        }
    },
    {
        "ip": "176.214.97.55",
        "port": 1256,
        "geolocation": {
            "status": "success",
            "country": "Russia",
            "countryCode": "RU",
            "region": "MOW",
            "regionName": "Moscow",
            "city": "Moscow",
            "zip": "",
            "lat": 55.797,
            "lon": 37.5594,
            "timezone": "Europe/Moscow",
            "isp": "Enforta-MSK",
            "org": "",
            "as": "AS21353 JSC \"ER-Telecom Holding\"",
            "query": "176.214.97.55"
        }
    },
    {
        "ip": "45.5.145.164",
        "port": 8090,
        "geolocation": {
            "status": "success",
            "country": "Brazil",
            "countryCode": "BR",
            "region": "RN",
            "regionName": "Rio Grande do Norte",
            "city": "Antonio Martins",
            "zip": "59870",
            "lat": -6.2061,
            "lon": -37.9214,
            "timezone": "America/Fortaleza",
            "isp": "J P Targino Servi\u00e7os de Cominica\u00e7\u00e3o Multimidia",
            "org": "J P Targino Servi\u00e7os de Cominica\u00e7\u00e3o Multimidia",
            "as": "AS266103 J P Targino Servi\u00e7os de Cominica\u00e7\u00e3o Multimidia",
            "query": "45.5.145.164"
        }
    },
    {
        "ip": "186.154.216.109",
        "port": 999,
        "geolocation": {
            "status": "success",
            "country": "Colombia",
            "countryCode": "CO",
            "region": "DC",
            "regionName": "Bogota D.C.",
            "city": "Bogot\u00e1",
            "zip": "111411",
            "lat": 4.6089,
            "lon": -74.0943,
            "timezone": "America/Bogota",
            "isp": "ETB - Colombia",
            "org": "ETB - Colombia",
            "as": "AS19429 ETB - Colombia",
            "query": "186.154.216.109"
        }
    },
    {
        "ip": "36.91.98.115",
        "port": 8181,
        "geolocation": {
            "status": "success",
            "country": "Indonesia",
            "countryCode": "ID",
            "region": "JK",
            "regionName": "Jakarta",
            "city": "Jakarta",
            "zip": "",
            "lat": -6.18104,
            "lon": 106.826,
            "timezone": "Asia/Jakarta",
            "isp": "PT Telekomunikasi Indonesia",
            "org": "Telekomunikasi Indonesia",
            "as": "AS7713 PT Telekomunikasi Indonesia",
            "query": "36.91.98.115"
        }
    },
    {
        "ip": "190.115.4.51",
        "port": 999,
        "geolocation": {
            "status": "success",
            "country": "Guatemala",
            "countryCode": "GT",
            "region": "GU",
            "regionName": "Departamento de Guatemala",
            "city": "Guatemala City",
            "zip": "01010",
            "lat": 14.6343,
            "lon": -90.5155,
            "timezone": "America/Guatemala",
            "isp": "Ufinet Panama S.A.",
            "org": "UFINET Guatemala S. A",
            "as": "AS52468 UFINET PANAMA S.A.",
            "query": "190.115.4.51"
        }
    },
    {
        "ip": "189.61.7.192",
        "port": 8080,
        "geolocation": {
            "status": "success",
            "country": "Brazil",
            "countryCode": "BR",
            "region": "DF",
            "regionName": "Federal District",
            "city": "Bras\u00edlia",
            "zip": "70640",
            "lat": -15.7792,
            "lon": -47.9341,
            "timezone": "America/Sao_Paulo",
            "isp": "Claro NXT Telecomunicacoes Ltda",
            "org": "NET Servi\u00e7os de Comunica\u00e7\u00e3o S.A.",
            "as": "AS28573 Claro NXT Telecomunicacoes Ltda",
            "query": "189.61.7.192"
        }
    },
    {
        "ip": "111.225.152.75",
        "port": 8089,
        "geolocation": {
            "status": "success",
            "country": "China",
            "countryCode": "CN",
            "region": "HE",
            "regionName": "Hebei",
            "city": "Gaocheng",
            "zip": "",
            "lat": 37.8957,
            "lon": 114.904,
            "timezone": "Asia/Shanghai",
            "isp": "Chinanet",
            "org": "Chinanet HE",
            "as": "AS4134 CHINANET-BACKBONE",
            "query": "111.225.152.75"
        }
    },
    {
        "ip": "117.102.78.10",
        "port": 8080,
        "geolocation": {
            "status": "success",
            "country": "Indonesia",
            "countryCode": "ID",
            "region": "JI",
            "regionName": "East Java",
            "city": "Malang",
            "zip": "",
            "lat": -7.9826,
            "lon": 112.6308,
            "timezone": "Asia/Jakarta",
            "isp": "BIZNET",
            "org": "",
            "as": "AS17451 BIZNET NETWORKS",
            "query": "117.102.78.10"
        }
    },
    {
        "ip": "114.132.165.163",
        "port": 9999,
        "geolocation": {
            "status": "success",
            "country": "China",
            "countryCode": "CN",
            "region": "HE",
            "regionName": "Hebei",
            "city": "Shijiazhuang",
            "zip": "",
            "lat": 38.0428,
            "lon": 114.515,
            "timezone": "Asia/Shanghai",
            "isp": "CNC Group CHINA169 Hebei Province network",
            "org": "Tencent cloud computing (Beijing) Co., Ltd.",
            "as": "AS45090 Shenzhen Tencent Computer Systems Company Limited",
            "query": "114.132.165.163"
        }
    },
    {
        "ip": "161.97.126.37",
        "port": 8118,
        "geolocation": {
            "status": "success",
            "country": "Germany",
            "countryCode": "DE",
            "region": "BY",
            "regionName": "Bavaria",
            "city": "Nuremberg",
            "zip": "90475",
            "lat": 49.405,
            "lon": 11.1617,
            "timezone": "Europe/Berlin",
            "isp": "Contabo GmbH",
            "org": "Contabo GmbH",
            "as": "AS51167 Contabo GmbH",
            "query": "161.97.126.37"
        }
    },
    {
        "ip": "103.164.180.90",
        "port": 8080,
        "geolocation": {
            "status": "success",
            "country": "Indonesia",
            "countryCode": "ID",
            "region": "JI",
            "regionName": "East Java",
            "city": "Arosbaya",
            "zip": "",
            "lat": -6.9454,
            "lon": 112.8428,
            "timezone": "Asia/Jakarta",
            "isp": "Dinas Komunikasi dan Informatika Kabupaten Bangkalan",
            "org": "Dinas Komunikasi dan Informatika Kabupaten Bangkalan",
            "as": "AS141911 Dinas Komunikasi dan Informatika Kabupaten Bangkalan",
            "query": "103.164.180.90"
        }
    },
    {
        "ip": "181.113.225.178",
        "port": 80,
        "geolocation": {
            "status": "success",
            "country": "Ecuador",
            "countryCode": "EC",
            "region": "G",
            "regionName": "Provincia del Guayas",
            "city": "Guayaquil",
            "zip": "",
            "lat": -2.1664,
            "lon": -79.9011,
            "timezone": "America/Guayaquil",
            "isp": "Corporacion Nacional De Telecomunicaciones - CNT EP",
            "org": "Corporacion Nacional De Telecomunicaciones CNT EP",
            "as": "AS28006 CORPORACION NACIONAL DE TELECOMUNICACIONES - CNT EP",
            "query": "181.113.225.178"
        }
    },
    {
        "ip": "185.126.8.72",
        "port": 8080,
        "geolocation": {
            "status": "success",
            "country": "Iran",
            "countryCode": "IR",
            "region": "23",
            "regionName": "Tehran",
            "city": "Tehran",
            "zip": "",
            "lat": 35.7337,
            "lon": 51.4021,
            "timezone": "Asia/Tehran",
            "isp": "PISHGAMAN",
            "org": "",
            "as": "AS34918 Pishgaman Toseeh Ertebatat Company (Private Joint Stock)",
            "query": "185.126.8.72"
        }
    },
    {
        "ip": "35.193.113.186",
        "port": 80,
        "geolocation": {
            "status": "success",
            "country": "United States",
            "countryCode": "US",
            "region": "IA",
            "regionName": "Iowa",
            "city": "Council Bluffs",
            "zip": "",
            "lat": 41.2619,
            "lon": -95.8608,
            "timezone": "America/Chicago",
            "isp": "Google LLC",
            "org": "Google Cloud (us-central1)",
            "as": "AS396982 Google LLC",
            "query": "35.193.113.186"
        }
    },
    {
        "ip": "188.132.222.40",
        "port": 8080,
        "geolocation": {
            "status": "success",
            "country": "Turkey",
            "countryCode": "TR",
            "region": "34",
            "regionName": "Istanbul",
            "city": "Orhanl\u0131",
            "zip": "34956",
            "lat": 40.8982,
            "lon": 29.3599,
            "timezone": "Europe/Istanbul",
            "isp": "High Speed Telekomunikasyon ve Hab. Hiz. Ltd. Sti.",
            "org": "High Speed Telekomunikasyon VE Haberlesme Hizmetleri Ltd. STI",
            "as": "AS202561 High Speed Telekomunikasyon ve Hab. Hiz. Ltd. Sti.",
            "query": "188.132.222.40"
        }
    },
    {
        "ip": "189.232.85.95",
        "port": 8080,
        "geolocation": {
            "status": "success",
            "country": "Mexico",
            "countryCode": "MX",
            "region": "HID",
            "regionName": "Hidalgo",
            "city": "Tlaxcoapan",
            "zip": "42950",
            "lat": 20.0989,
            "lon": -99.234,
            "timezone": "America/Mexico_City",
            "isp": "Uninet S.A. de C.V.",
            "org": "Uninet S.A. de C.V.",
            "as": "AS8151 Uninet S.A. de C.V.",
            "query": "189.232.85.95"
        }
    },
    {
        "ip": "45.164.174.247",
        "port": 999,
        "geolocation": {
            "status": "success",
            "country": "Dominican Republic",
            "countryCode": "DO",
            "region": "32",
            "regionName": "Provincia de Santo Domingo",
            "city": "Santo Domingo Este",
            "zip": "11501",
            "lat": 18.492,
            "lon": -69.8701,
            "timezone": "America/Santo_Domingo",
            "isp": "ORBIT CABLE, S.A.",
            "org": "ORBIT CABLE, S.A",
            "as": "AS267705 ORBIT CABLE, S.A.",
            "query": "45.164.174.247"
        }
    },
    {
        "ip": "219.151.155.84",
        "port": 9002,
        "geolocation": {
            "status": "success",
            "country": "China",
            "countryCode": "CN",
            "region": "CQ",
            "regionName": "Chongqing",
            "city": "Yuzhongzhan",
            "zip": "",
            "lat": 29.5407,
            "lon": 106.514,
            "timezone": "Asia/Shanghai",
            "isp": "Chinanet",
            "org": "Chinanet CQ",
            "as": "AS4134 CHINANET-BACKBONE",
            "query": "219.151.155.84"
        }
    },
    {
        "ip": "190.26.201.194",
        "port": 8080,
        "geolocation": {
            "status": "success",
            "country": "Colombia",
            "countryCode": "CO",
            "region": "DC",
            "regionName": "Bogota D.C.",
            "city": "Bogot\u00e1",
            "zip": "110921",
            "lat": 4.6784,
            "lon": -74.1568,
            "timezone": "America/Bogota",
            "isp": "ETB - Colombia",
            "org": "ETB - Colombia",
            "as": "AS19429 ETB - Colombia",
            "query": "190.26.201.194"
        }
    },
    {
        "ip": "181.129.49.214",
        "port": 999,
        "geolocation": {
            "status": "success",
            "country": "Colombia",
            "countryCode": "CO",
            "region": "ANT",
            "regionName": "Antioquia",
            "city": "Medell\u00edn",
            "zip": "050022",
            "lat": 6.2529,
            "lon": -75.5646,
            "timezone": "America/Bogota",
            "isp": "EPM Telecomunicaciones S.A. E.S.P.",
            "org": "EPM Telecomunicaciones S.A. E.S.P",
            "as": "AS13489 EPM Telecomunicaciones S.A. E.S.P.",
            "query": "181.129.49.214"
        }
    },
    {
        "ip": "45.167.125.61",
        "port": 9992,
        "geolocation": {
            "status": "success",
            "country": "Colombia",
            "countryCode": "CO",
            "region": "CAU",
            "regionName": "Departamento del Cauca",
            "city": "Popay\u00e1n",
            "zip": "190001",
            "lat": 2.4764,
            "lon": -76.5716,
            "timezone": "America/Bogota",
            "isp": "Sepcom Comunicaciones SAS",
            "org": "Sepcom Comunicaciones",
            "as": "AS269804 SEPCOM COMUNICACIONES SAS",
            "query": "45.167.125.61"
        }
    },
    {
        "ip": "185.103.181.83",
        "port": 8080,
        "geolocation": {
            "status": "success",
            "country": "Spain",
            "countryCode": "ES",
            "region": "CT",
            "regionName": "Catalonia",
            "city": "Lleida",
            "zip": "25001",
            "lat": 41.6133,
            "lon": 0.6269,
            "timezone": "Europe/Madrid",
            "isp": "Vola los del Internet S.L.",
            "org": "Vola by Excom Cloud",
            "as": "AS201553 Vola los del Internet S.L.",
            "query": "185.103.181.83"
        }
    },
    {
        "ip": "157.100.12.138",
        "port": 999,
        "geolocation": {
            "status": "success",
            "country": "Ecuador",
            "countryCode": "EC",
            "region": "L",
            "regionName": "Provincia de Loja",
            "city": "Celica",
            "zip": "",
            "lat": -4.10266,
            "lon": -79.9566,
            "timezone": "America/Guayaquil",
            "isp": "Telconet S.A",
            "org": "Ecuanet - Corporacion Ecuatoriana De Informacion",
            "as": "AS27947 Telconet S.A",
            "query": "157.100.12.138"
        }
    },
    {
        "ip": "31.186.239.246",
        "port": 8080,
        "geolocation": {
            "status": "success",
            "country": "Netherlands",
            "countryCode": "NL",
            "region": "NH",
            "regionName": "North Holland",
            "city": "Amsterdam",
            "zip": "1012",
            "lat": 52.3759,
            "lon": 4.8975,
            "timezone": "Europe/Amsterdam",
            "isp": "NetSkope Inc",
            "org": "InterNAP Network Services",
            "as": "AS55256 Netskope Inc",
            "query": "31.186.239.246"
        }
    },
    {
        "ip": "49.0.2.242",
        "port": 8090,
        "geolocation": {
            "status": "success",
            "country": "Indonesia",
            "countryCode": "ID",
            "region": "JB",
            "regionName": "West Java",
            "city": "Cikarawang",
            "zip": "",
            "lat": -6.55344,
            "lon": 106.729,
            "timezone": "Asia/Jakarta",
            "isp": "PT Usaha Adi Sanggoro",
            "org": "",
            "as": "AS55701 PT. Usaha Adisanggoro",
            "query": "49.0.2.242"
        }
    },
    {
        "ip": "177.141.99.50",
        "port": 8080,
        "geolocation": {
            "status": "success",
            "country": "Brazil",
            "countryCode": "BR",
            "region": "SP",
            "regionName": "Sao Paulo",
            "city": "S\u00e3o Paulo",
            "zip": "01000",
            "lat": -23.6283,
            "lon": -46.6409,
            "timezone": "America/Sao_Paulo",
            "isp": "Claro NXT Telecomunicacoes Ltda",
            "org": "NET Servi\u00e7os de Comunica\u00e7\u00e3o S.A.",
            "as": "AS28573 Claro NXT Telecomunicacoes Ltda",
            "query": "177.141.99.50"
        }
    },
    {
        "ip": "157.100.55.143",
        "port": 999,
        "geolocation": {
            "status": "success",
            "country": "Ecuador",
            "countryCode": "EC",
            "region": "G",
            "regionName": "Provincia del Guayas",
            "city": "Guayaquil",
            "zip": "",
            "lat": -2.1664,
            "lon": -79.9011,
            "timezone": "America/Guayaquil",
            "isp": "Nedetel S.A.",
            "org": "Nedetel S.A",
            "as": "AS264668 NEDETEL S.A.",
            "query": "157.100.55.143"
        }
    },
    {
        "ip": "187.1.57.206",
        "port": 20183,
        "geolocation": {
            "status": "success",
            "country": "Brazil",
            "countryCode": "BR",
            "region": "MG",
            "regionName": "Minas Gerais",
            "city": "Itabira",
            "zip": "35900",
            "lat": -19.577,
            "lon": -43.2814,
            "timezone": "America/Sao_Paulo",
            "isp": "Companhia Itabirana Telecomunica\u00e7\u00f5es Ltda",
            "org": "Companhia Itabirana Telecomunica\u00e7\u00f5es Ltda",
            "as": "AS28201 Companhia Itabirana Telecomunica\u00e7\u00f5es Ltda",
            "query": "187.1.57.206"
        }
    },
    {
        "ip": "171.103.58.122",
        "port": 8080,
        "geolocation": {
            "status": "success",
            "country": "Thailand",
            "countryCode": "TH",
            "region": "10",
            "regionName": "Bangkok",
            "city": "Bangkok",
            "zip": "10120",
            "lat": 13.7063,
            "lon": 100.4597,
            "timezone": "Asia/Bangkok",
            "isp": "True Internet Co., Ltd.",
            "org": "TRUE",
            "as": "AS7470 TRUE INTERNET Co.,Ltd.",
            "query": "171.103.58.122"
        }
    },
    {
        "ip": "45.167.125.97",
        "port": 9992,
        "geolocation": {
            "status": "success",
            "country": "Colombia",
            "countryCode": "CO",
            "region": "CAU",
            "regionName": "Departamento del Cauca",
            "city": "Popay\u00e1n",
            "zip": "190001",
            "lat": 2.4764,
            "lon": -76.5716,
            "timezone": "America/Bogota",
            "isp": "Sepcom Comunicaciones SAS",
            "org": "Sepcom Comunicaciones",
            "as": "AS269804 SEPCOM COMUNICACIONES SAS",
            "query": "45.167.125.97"
        }
    },
    {
        "ip": "118.70.12.171",
        "port": 53281,
        "geolocation": {
            "status": "success",
            "country": "Vietnam",
            "countryCode": "VN",
            "region": "HN",
            "regionName": "Hanoi",
            "city": "Hanoi",
            "zip": "",
            "lat": 21.0278,
            "lon": 105.834,
            "timezone": "Asia/Bangkok",
            "isp": "FPT Telecom Company",
            "org": "Vietnam Internet Network Information Center",
            "as": "AS18403 FPT Telecom Company",
            "query": "118.70.12.171"
        }
    },
    {
        "ip": "95.171.5.144",
        "port": 1256,
        "geolocation": {
            "status": "success",
            "country": "Russia",
            "countryCode": "RU",
            "region": "MOW",
            "regionName": "Moscow",
            "city": "Moscow",
            "zip": "127576",
            "lat": 55.7483,
            "lon": 37.6171,
            "timezone": "Europe/Moscow",
            "isp": "Universum bit Ltd.",
            "org": "Universum bit Ltd.",
            "as": "AS48822 Universum bit Ltd.",
            "query": "95.171.5.144"
        }
    },
    {
        "ip": "31.186.239.244",
        "port": 8080,
        "geolocation": {
            "status": "success",
            "country": "Netherlands",
            "countryCode": "NL",
            "region": "NH",
            "regionName": "North Holland",
            "city": "Amsterdam",
            "zip": "1012",
            "lat": 52.3759,
            "lon": 4.8975,
            "timezone": "Europe/Amsterdam",
            "isp": "NetSkope Inc",
            "org": "InterNAP Network Services",
            "as": "AS55256 Netskope Inc",
            "query": "31.186.239.244"
        }
    },
    {
        "ip": "103.155.54.233",
        "port": 83,
        "geolocation": {
            "status": "success",
            "country": "India",
            "countryCode": "IN",
            "region": "WB",
            "regionName": "West Bengal",
            "city": "Kolkata",
            "zip": "700028",
            "lat": 22.518,
            "lon": 88.3832,
            "timezone": "Asia/Kolkata",
            "isp": "abuse-mailbox: (abuse@pegasuswave.com)",
            "org": "Pegasuswave Private Limited",
            "as": "AS140148 Pegasuswave Private Limited",
            "query": "103.155.54.233"
        }
    },
    {
        "ip": "45.161.32.129",
        "port": 8081,
        "geolocation": {
            "status": "success",
            "country": "Ecuador",
            "countryCode": "EC",
            "region": "L",
            "regionName": "Provincia de Loja",
            "city": "Loja",
            "zip": "",
            "lat": -3.9993,
            "lon": -79.2145,
            "timezone": "America/Guayaquil",
            "isp": "Lojasystem C.A.",
            "org": "",
            "as": "AS266894 LOJASYSTEM C.A.",
            "query": "45.161.32.129"
        }
    },
    {
        "ip": "5.195.40.27",
        "port": 8080,
        "geolocation": {
            "status": "success",
            "country": "United Arab Emirates",
            "countryCode": "AE",
            "region": "SH",
            "regionName": "Sharjah",
            "city": "Sharjah",
            "zip": "",
            "lat": 25.3569,
            "lon": 55.405,
            "timezone": "Asia/Dubai",
            "isp": "Emirates Telecommunications Corporation",
            "org": "Emirates Telecommunications Corporation",
            "as": "AS5384 Emirates Telecommunications Corporation",
            "query": "5.195.40.27"
        }
    },
    {
        "ip": "134.238.252.143",
        "port": 8080,
        "geolocation": {
            "status": "success",
            "country": "India",
            "countryCode": "IN",
            "region": "MH",
            "regionName": "Maharashtra",
            "city": "Mumbai",
            "zip": "",
            "lat": 19.0759,
            "lon": 72.8776,
            "timezone": "Asia/Kolkata",
            "isp": "Google LLC",
            "org": "Palo Alto Networks, Inc",
            "as": "AS396982 Google LLC",
            "query": "134.238.252.143"
        }
    },
    {
        "ip": "179.108.107.63",
        "port": 80,
        "geolocation": {
            "status": "success",
            "country": "Brazil",
            "countryCode": "BR",
            "region": "SP",
            "regionName": "Sao Paulo",
            "city": "S\u00e3o Paulo",
            "zip": "01000-000",
            "lat": -23.5558,
            "lon": -46.6396,
            "timezone": "America/Sao_Paulo",
            "isp": "ALGAR TELECOM S/A",
            "org": "ALGAR TELECOM S/A",
            "as": "AS16735 ALGAR TELECOM S/A",
            "query": "179.108.107.63"
        }
    },
    {
        "ip": "191.97.14.26",
        "port": 999,
        "geolocation": {
            "status": "success",
            "country": "Colombia",
            "countryCode": "CO",
            "region": "BOY",
            "regionName": "Departamento de Boyaca",
            "city": "Moniquira",
            "zip": "154260",
            "lat": 5.8772,
            "lon": -73.5706,
            "timezone": "America/Bogota",
            "isp": "TV AZTECA SUCURSAL COLOMBIA",
            "org": "TV AZTECA SUCURSAL COLOMBIA",
            "as": "AS262186 TV AZTECA SUCURSAL COLOMBIA",
            "query": "191.97.14.26"
        }
    },
    {
        "ip": "190.89.37.73",
        "port": 999,
        "geolocation": {
            "status": "success",
            "country": "Dominican Republic",
            "countryCode": "DO",
            "region": "18",
            "regionName": "Puerto Plata",
            "city": "Guananico",
            "zip": "11806",
            "lat": 19.7167,
            "lon": -70.9167,
            "timezone": "America/Santo_Domingo",
            "isp": "CABLE VISION E. GONZALEZ, S.R.L.",
            "org": "CABLE VISION E. GONZALEZ, S.R.L",
            "as": "AS269950 CABLE VISION E. GONZALEZ, S.R.L.",
            "query": "190.89.37.73"
        }
    },
    {
        "ip": "201.229.250.19",
        "port": 8080,
        "geolocation": {
            "status": "success",
            "country": "Dominican Republic",
            "countryCode": "DO",
            "region": "25",
            "regionName": "Provincia de Santiago",
            "city": "Santiago de los Caballeros",
            "zip": "01111",
            "lat": 19.4478,
            "lon": -70.7044,
            "timezone": "America/Santo_Domingo",
            "isp": "Compa\u00f1\u00eda Dominicana de Tel\u00e9fonos S. A.",
            "org": "Compa\u00f1\u00eda Dominicana de Tel\u00e9fonos S. A",
            "as": "AS6400 Compa\u00f1\u00eda Dominicana de Tel\u00e9fonos S. A.",
            "query": "201.229.250.19"
        }
    },
    {
        "ip": "45.189.117.237",
        "port": 999,
        "geolocation": {
            "status": "success",
            "country": "Peru",
            "countryCode": "PE",
            "region": "LMA",
            "regionName": "Lima",
            "city": "Lima",
            "zip": "",
            "lat": -12.0464,
            "lon": -77.0428,
            "timezone": "America/Lima",
            "isp": "Fiber Digital S.R.L",
            "org": "Fiber Digital S.R.L",
            "as": "AS269857 FIBER DIGITAL S.R.L",
            "query": "45.189.117.237"
        }
    },
    {
        "ip": "117.102.78.10",
        "port": 8080,
        "geolocation": {
            "status": "success",
            "country": "Indonesia",
            "countryCode": "ID",
            "region": "JI",
            "regionName": "East Java",
            "city": "Malang",
            "zip": "",
            "lat": -7.9826,
            "lon": 112.6308,
            "timezone": "Asia/Jakarta",
            "isp": "BIZNET",
            "org": "",
            "as": "AS17451 BIZNET NETWORKS",
            "query": "117.102.78.10"
        }
    },
    {
        "ip": "186.3.38.214",
        "port": 999,
        "geolocation": {
            "status": "success",
            "country": "Ecuador",
            "countryCode": "EC",
            "region": "A",
            "regionName": "Provincia del Azuay",
            "city": "Cuenca",
            "zip": "",
            "lat": -2.882,
            "lon": -78.9841,
            "timezone": "America/Guayaquil",
            "isp": "Telconet S.A",
            "org": "Onnet S.A",
            "as": "AS27947 Telconet S.A",
            "query": "186.3.38.214"
        }
    },
    {
        "ip": "186.154.216.109",
        "port": 999,
        "geolocation": {
            "status": "success",
            "country": "Colombia",
            "countryCode": "CO",
            "region": "DC",
            "regionName": "Bogota D.C.",
            "city": "Bogot\u00e1",
            "zip": "111411",
            "lat": 4.6089,
            "lon": -74.0943,
            "timezone": "America/Bogota",
            "isp": "ETB - Colombia",
            "org": "ETB - Colombia",
            "as": "AS19429 ETB - Colombia",
            "query": "186.154.216.109"
        }
    },
    {
        "ip": "34.82.107.67",
        "port": 80,
        "geolocation": {
            "status": "success",
            "country": "United States",
            "countryCode": "US",
            "region": "OR",
            "regionName": "Oregon",
            "city": "The Dalles",
            "zip": "97058",
            "lat": 45.5945,
            "lon": -121.1786,
            "timezone": "America/Los_Angeles",
            "isp": "Google LLC",
            "org": "Google Cloud (us-west1)",
            "as": "AS396982 Google LLC",
            "query": "34.82.107.67"
        }
    },
    {
        "ip": "128.199.67.35",
        "port": 80,
        "geolocation": {
            "status": "success",
            "country": "Singapore",
            "countryCode": "SG",
            "region": "05",
            "regionName": "South West",
            "city": "Singapore",
            "zip": "627753",
            "lat": 1.32123,
            "lon": 103.695,
            "timezone": "Asia/Singapore",
            "isp": "DigitalOcean, LLC",
            "org": "DigitalOcean, LLC",
            "as": "AS14061 DigitalOcean, LLC",
            "query": "128.199.67.35"
        }
    },
    {
        "ip": "36.255.84.5",
        "port": 83,
        "geolocation": {
            "status": "success",
            "country": "India",
            "countryCode": "IN",
            "region": "KA",
            "regionName": "Karnataka",
            "city": "Bengaluru",
            "zip": "560001",
            "lat": 12.9634,
            "lon": 77.5855,
            "timezone": "Asia/Kolkata",
            "isp": "Gatik Business Solutions",
            "org": "Gatik Business Solutions",
            "as": "AS132559 Gatik Business Solutions",
            "query": "36.255.84.5"
        }
    },
    {
        "ip": "111.225.153.97",
        "port": 8089,
        "geolocation": {
            "status": "success",
            "country": "China",
            "countryCode": "CN",
            "region": "HE",
            "regionName": "Hebei",
            "city": "Gaocheng",
            "zip": "",
            "lat": 37.8957,
            "lon": 114.904,
            "timezone": "Asia/Shanghai",
            "isp": "Chinanet",
            "org": "Chinanet HE",
            "as": "AS4134 CHINANET-BACKBONE",
            "query": "111.225.153.97"
        }
    },
    {
        "ip": "181.198.6.251",
        "port": 999,
        "geolocation": {
            "status": "success",
            "country": "Ecuador",
            "countryCode": "EC",
            "region": "L",
            "regionName": "Provincia de Loja",
            "city": "Loja",
            "zip": "",
            "lat": -3.99313,
            "lon": -79.2042,
            "timezone": "America/Guayaquil",
            "isp": "Telconet S.A",
            "org": "Clientes Guayaquil",
            "as": "AS27947 Telconet S.A",
            "query": "181.198.6.251"
        }
    },
    {
        "ip": "103.48.68.34",
        "port": 83,
        "geolocation": {
            "status": "success",
            "country": "India",
            "countryCode": "IN",
            "region": "TG",
            "regionName": "Telangana",
            "city": "Hyderabad",
            "zip": "500008",
            "lat": 17.411,
            "lon": 78.4487,
            "timezone": "Asia/Kolkata",
            "isp": "Country Online Services PVT LTD",
            "org": "Country Online Services PVT LTD",
            "as": "AS17754 Excellmedia",
            "query": "103.48.68.34"
        }
    },
    {
        "ip": "45.70.236.123",
        "port": 999,
        "geolocation": {
            "status": "success",
            "country": "Ecuador",
            "countryCode": "EC",
            "region": "R",
            "regionName": "Provincia de Los Rios",
            "city": "Puebloviejo",
            "zip": "",
            "lat": -1.5539,
            "lon": -79.5375,
            "timezone": "America/Guayaquil",
            "isp": "Nedetel S.A.",
            "org": "Nedetel S.A",
            "as": "AS264668 NEDETEL S.A.",
            "query": "45.70.236.123"
        }
    },
    {
        "ip": "103.76.12.42",
        "port": 8181,
        "geolocation": {
            "status": "success",
            "country": "Indonesia",
            "countryCode": "ID",
            "region": "JB",
            "regionName": "West Java",
            "city": "Bogor",
            "zip": "",
            "lat": -6.5945,
            "lon": 106.789,
            "timezone": "Asia/Jakarta",
            "isp": "MORATELINDO",
            "org": "Moratelindo",
            "as": "AS131111 PT Mora Telematika Indonesia",
            "query": "103.76.12.42"
        }
    },
    {
        "ip": "103.36.35.135",
        "port": 8080,
        "geolocation": {
            "status": "success",
            "country": "Indonesia",
            "countryCode": "ID",
            "region": "JK",
            "regionName": "Jakarta",
            "city": "Kampungbali",
            "zip": "",
            "lat": -6.1642,
            "lon": 106.7718,
            "timezone": "Asia/Jakarta",
            "isp": "PT Mora Telematika Indonesia",
            "org": "PT Tunas Sukses Mandiri",
            "as": "AS131111 PT Mora Telematika Indonesia",
            "query": "103.36.35.135"
        }
    },
    {
        "ip": "110.78.112.198",
        "port": 8080,
        "geolocation": {
            "status": "success",
            "country": "Thailand",
            "countryCode": "TH",
            "region": "10",
            "regionName": "Bangkok",
            "city": "Ratchathewi",
            "zip": "10400",
            "lat": 13.7544,
            "lon": 100.542,
            "timezone": "Asia/Bangkok",
            "isp": "CAT Telecom Public Company Limited",
            "org": "CAT Telecom public company Ltd",
            "as": "AS9931 The Communication Authoity of Thailand, CAT",
            "query": "110.78.112.198"
        }
    },
    {
        "ip": "188.124.250.138",
        "port": 8008,
        "geolocation": {
            "status": "success",
            "country": "Kazakhstan",
            "countryCode": "KZ",
            "region": "KAR",
            "regionName": "Karaganda",
            "city": "Karaganda",
            "zip": "",
            "lat": 49.8114,
            "lon": 73.0933,
            "timezone": "Asia/Almaty",
            "isp": "Miranda-Media Ltd",
            "org": "Miranda-Media Ltd",
            "as": "AS201776 Miranda-Media Ltd",
            "query": "188.124.250.138"
        }
    },
    {
        "ip": "103.53.77.162",
        "port": 8080,
        "geolocation": {
            "status": "success",
            "country": "Indonesia",
            "countryCode": "ID",
            "region": "JI",
            "regionName": "East Java",
            "city": "Probolinggo",
            "zip": "",
            "lat": -7.7543,
            "lon": 113.216,
            "timezone": "Asia/Jakarta",
            "isp": "INTI",
            "org": "",
            "as": "AS133817 PT Inti Data Telematika",
            "query": "103.53.77.162"
        }
    },
    {
        "ip": "122.3.41.154",
        "port": 8090,
        "geolocation": {
            "status": "success",
            "country": "Philippines",
            "countryCode": "PH",
            "region": "00",
            "regionName": "Metro Manila",
            "city": "Manila",
            "zip": "1018",
            "lat": 14.5833,
            "lon": 120.9667,
            "timezone": "Asia/Manila",
            "isp": "Philippine Long Distance Telephone Co.",
            "org": "Transcom CY Inc.",
            "as": "AS9299 Philippine Long Distance Telephone Company",
            "query": "122.3.41.154"
        }
    },
    {
        "ip": "117.102.78.10",
        "port": 8080,
        "geolocation": {
            "status": "success",
            "country": "Indonesia",
            "countryCode": "ID",
            "region": "JI",
            "regionName": "East Java",
            "city": "Malang",
            "zip": "",
            "lat": -7.9826,
            "lon": 112.6308,
            "timezone": "Asia/Jakarta",
            "isp": "BIZNET",
            "org": "",
            "as": "AS17451 BIZNET NETWORKS",
            "query": "117.102.78.10"
        }
    },
    {
        "ip": "213.6.149.2",
        "port": 8080,
        "geolocation": {
            "status": "success",
            "country": "Palestine",
            "countryCode": "PS",
            "region": "GZA",
            "regionName": "Gaza",
            "city": "Gaza",
            "zip": "",
            "lat": 31.5019,
            "lon": 34.4666,
            "timezone": "Asia/Gaza",
            "isp": "Palestine Telecommunications Company",
            "org": "Palestine Telecommunications Company",
            "as": "AS12975 Palestine Telecommunications Company (PALTEL)",
            "query": "213.6.149.2"
        }
    },
    {
        "ip": "103.105.228.66",
        "port": 8080,
        "geolocation": {
            "status": "success",
            "country": "India",
            "countryCode": "IN",
            "region": "MH",
            "regionName": "Maharashtra",
            "city": "Mumbai",
            "zip": "400075",
            "lat": 19.0748,
            "lon": 72.8856,
            "timezone": "Asia/Kolkata",
            "isp": "Mnk Infoway Private Limited",
            "org": "Mnk Infoway Private Limited",
            "as": "AS137083 Mnk Infoway Private Limited",
            "query": "103.105.228.66"
        }
    },
    {
        "ip": "201.71.2.152",
        "port": 999,
        "geolocation": {
            "status": "success",
            "country": "Venezuela",
            "countryCode": "VE",
            "region": "A",
            "regionName": "Distrito Federal",
            "city": "Caracas",
            "zip": "",
            "lat": 10.5048,
            "lon": -66.9208,
            "timezone": "America/Caracas",
            "isp": "Level 3 Communications, Inc.",
            "org": "Inversiones FAROCA",
            "as": "AS3549 Level 3 Parent, LLC",
            "query": "201.71.2.152"
        }
    },
    {
        "ip": "5.160.179.8",
        "port": 8080,
        "geolocation": {
            "status": "success",
            "country": "Iran",
            "countryCode": "IR",
            "region": "23",
            "regionName": "Tehran",
            "city": "Tehran",
            "zip": "",
            "lat": 35.7471,
            "lon": 51.4115,
            "timezone": "Asia/Tehran",
            "isp": "Respina Networks & Beyond PJSC",
            "org": "Respina Networks & Beyond PJSC",
            "as": "AS42337 Respina Networks & Beyond PJSC",
            "query": "5.160.179.8"
        }
    },
    {
        "ip": "200.106.187.247",
        "port": 999,
        "geolocation": {
            "status": "success",
            "country": "Argentina",
            "countryCode": "AR",
            "region": "B",
            "regionName": "Buenos Aires",
            "city": "Jose Maria Ezeiza",
            "zip": "1804",
            "lat": -34.8575,
            "lon": -58.5189,
            "timezone": "America/Argentina/Buenos_Aires",
            "isp": "Fullnet Solutions S.A.S.",
            "org": "Fullnet Solutions",
            "as": "AS271779 FULLNET SOLUTIONS S.A.S.",
            "query": "200.106.187.247"
        }
    },
    {
        "ip": "160.16.130.191",
        "port": 3128,
        "geolocation": {
            "status": "success",
            "country": "Japan",
            "countryCode": "JP",
            "region": "13",
            "regionName": "Tokyo",
            "city": "Tokyo",
            "zip": "100-0001",
            "lat": 35.6887,
            "lon": 139.745,
            "timezone": "Asia/Tokyo",
            "isp": "SAKURA Internet Inc.",
            "org": "SAKURA",
            "as": "AS9370 SAKURA Internet Inc.",
            "query": "160.16.130.191"
        }
    },
    {
        "ip": "200.32.80.54",
        "port": 999,
        "geolocation": {
            "status": "success",
            "country": "Colombia",
            "countryCode": "CO",
            "region": "NAR",
            "regionName": "Departamento de Narino",
            "city": "Guaitarilla",
            "zip": "525501",
            "lat": 1.13103,
            "lon": -77.5481,
            "timezone": "America/Bogota",
            "isp": "Level 3 Colombia S.A",
            "org": "Atento Colombia S.A",
            "as": "AS3549 Level 3 Parent, LLC",
            "query": "200.32.80.54"
        }
    },
    {
        "ip": "134.238.252.143",
        "port": 8080,
        "geolocation": {
            "status": "success",
            "country": "India",
            "countryCode": "IN",
            "region": "MH",
            "regionName": "Maharashtra",
            "city": "Mumbai",
            "zip": "",
            "lat": 19.0759,
            "lon": 72.8776,
            "timezone": "Asia/Kolkata",
            "isp": "Google LLC",
            "org": "Palo Alto Networks, Inc",
            "as": "AS396982 Google LLC",
            "query": "134.238.252.143"
        }
    },
    {
        "ip": "160.119.148.190",
        "port": 8080,
        "geolocation": {
            "status": "success",
            "country": "Uganda",
            "countryCode": "UG",
            "region": "C",
            "regionName": "Central Region",
            "city": "Kampala",
            "zip": "",
            "lat": 0.3162,
            "lon": 32.5657,
            "timezone": "Africa/Kampala",
            "isp": "Blue Crane Communications (U) Ltd",
            "org": "",
            "as": "AS328198 Blue Crane Communications (U) Ltd",
            "query": "160.119.148.190"
        }
    },
    {
        "ip": "189.238.70.150",
        "port": 8080,
        "geolocation": {
            "status": "success",
            "country": "Mexico",
            "countryCode": "MX",
            "region": "CMX",
            "regionName": "Mexico City",
            "city": "Mexico City",
            "zip": "14070",
            "lat": 19.2986,
            "lon": -99.1837,
            "timezone": "America/Mexico_City",
            "isp": "Uninet S.A. de C.V.",
            "org": "Uninet S.A. de C.V.",
            "as": "AS8151 Uninet S.A. de C.V.",
            "query": "189.238.70.150"
        }
    },
    {
        "ip": "45.70.236.123",
        "port": 999,
        "geolocation": {
            "status": "success",
            "country": "Ecuador",
            "countryCode": "EC",
            "region": "R",
            "regionName": "Provincia de Los Rios",
            "city": "Puebloviejo",
            "zip": "",
            "lat": -1.5539,
            "lon": -79.5375,
            "timezone": "America/Guayaquil",
            "isp": "Nedetel S.A.",
            "org": "Nedetel S.A",
            "as": "AS264668 NEDETEL S.A.",
            "query": "45.70.236.123"
        }
    },
    {
        "ip": "114.132.165.163",
        "port": 9999,
        "geolocation": {
            "status": "success",
            "country": "China",
            "countryCode": "CN",
            "region": "HE",
            "regionName": "Hebei",
            "city": "Shijiazhuang",
            "zip": "",
            "lat": 38.0428,
            "lon": 114.515,
            "timezone": "Asia/Shanghai",
            "isp": "CNC Group CHINA169 Hebei Province network",
            "org": "Tencent cloud computing (Beijing) Co., Ltd.",
            "as": "AS45090 Shenzhen Tencent Computer Systems Company Limited",
            "query": "114.132.165.163"
        }
    },
    {
        "ip": "103.145.57.25",
        "port": 8080,
        "geolocation": {
            "status": "success",
            "country": "Bangladesh",
            "countryCode": "BD",
            "region": "E",
            "regionName": "Rajshahi Division",
            "city": "Mahastan",
            "zip": "5810",
            "lat": 24.9611,
            "lon": 89.3428,
            "timezone": "Asia/Dhaka",
            "isp": "Rainbow Network",
            "org": "Rainbow Network",
            "as": "AS139786 Rainbow Network",
            "query": "103.145.57.25"
        }
    },
    {
        "ip": "190.60.40.196",
        "port": 999,
        "geolocation": {
            "status": "success",
            "country": "Colombia",
            "countryCode": "CO",
            "region": "DC",
            "regionName": "Bogota D.C.",
            "city": "Bogot\u00e1",
            "zip": "110111",
            "lat": 4.6913,
            "lon": -74.032,
            "timezone": "America/Bogota",
            "isp": "IFX NETWORKS COLOMBIA",
            "org": "UFINET COLOMBIA, S. A",
            "as": "AS52468 UFINET PANAMA S.A.",
            "query": "190.60.40.196"
        }
    },
    {
        "ip": "201.222.45.56",
        "port": 999,
        "geolocation": {
            "status": "success",
            "country": "Chile",
            "countryCode": "CL",
            "region": "RM",
            "regionName": "Santiago Metropolitan",
            "city": "Santiago",
            "zip": "34033",
            "lat": -33.4513,
            "lon": -70.6653,
            "timezone": "America/Santiago",
            "isp": "GRUPO ULLOA SpA",
            "org": "GRUPO ULLOA SpA",
            "as": "AS271783 GRUPO ULLOA SpA",
            "query": "201.222.45.56"
        }
    },
    {
        "ip": "77.46.138.49",
        "port": 8080,
        "geolocation": {
            "status": "success",
            "country": "Serbia",
            "countryCode": "RS",
            "region": "",
            "regionName": "Central Serbia",
            "city": "Stari Grad",
            "zip": "",
            "lat": 44.8179,
            "lon": 20.4619,
            "timezone": "Europe/Belgrade",
            "isp": "TELEKOM-SRBIJA",
            "org": "",
            "as": "AS8400 TELEKOM SRBIJA a.d.",
            "query": "77.46.138.49"
        }
    },
    {
        "ip": "201.71.2.49",
        "port": 999,
        "geolocation": {
            "status": "success",
            "country": "Venezuela",
            "countryCode": "VE",
            "region": "A",
            "regionName": "Distrito Federal",
            "city": "Caracas",
            "zip": "",
            "lat": 10.5048,
            "lon": -66.9208,
            "timezone": "America/Caracas",
            "isp": "Level 3 Communications, Inc.",
            "org": "Inversiones FAROCA",
            "as": "AS3549 Level 3 Parent, LLC",
            "query": "201.71.2.49"
        }
    },
    {
        "ip": "31.186.239.246",
        "port": 8080,
        "geolocation": {
            "status": "success",
            "country": "Netherlands",
            "countryCode": "NL",
            "region": "NH",
            "regionName": "North Holland",
            "city": "Amsterdam",
            "zip": "1012",
            "lat": 52.3759,
            "lon": 4.8975,
            "timezone": "Europe/Amsterdam",
            "isp": "NetSkope Inc",
            "org": "InterNAP Network Services",
            "as": "AS55256 Netskope Inc",
            "query": "31.186.239.246"
        }
    },
    {
        "ip": "190.102.226.196",
        "port": 999,
        "geolocation": {
            "status": "success",
            "country": "Chile",
            "countryCode": "CL",
            "region": "VS",
            "regionName": "Region de Valparaiso",
            "city": "Casablanca",
            "zip": "",
            "lat": -33.3156,
            "lon": -71.4204,
            "timezone": "America/Santiago",
            "isp": "Pacifico Cable SPA.",
            "org": "Pacifico Cable SPA",
            "as": "AS27901 Pacifico Cable SPA.",
            "query": "190.102.226.196"
        }
    },
    {
        "ip": "45.167.125.97",
        "port": 9992,
        "geolocation": {
            "status": "success",
            "country": "Colombia",
            "countryCode": "CO",
            "region": "CAU",
            "regionName": "Departamento del Cauca",
            "city": "Popay\u00e1n",
            "zip": "190001",
            "lat": 2.4764,
            "lon": -76.5716,
            "timezone": "America/Bogota",
            "isp": "Sepcom Comunicaciones SAS",
            "org": "Sepcom Comunicaciones",
            "as": "AS269804 SEPCOM COMUNICACIONES SAS",
            "query": "45.167.125.97"
        }
    },
    {
        "ip": "185.143.146.171",
        "port": 8080,
        "geolocation": {
            "status": "success",
            "country": "Ukraine",
            "countryCode": "UA",
            "region": "30",
            "regionName": "Kyiv City",
            "city": "Kyiv",
            "zip": "04071",
            "lat": 50.458,
            "lon": 30.5303,
            "timezone": "Europe/Kyiv",
            "isp": "ISP UTELS",
            "org": "BGNet Ltd.",
            "as": "AS56835 SPD Polyudov Aleksandr Igorevich",
            "query": "185.143.146.171"
        }
    },
    {
        "ip": "182.253.109.41",
        "port": 8080,
        "geolocation": {
            "status": "success",
            "country": "Indonesia",
            "countryCode": "ID",
            "region": "JT",
            "regionName": "Central Java",
            "city": "Semarang",
            "zip": "",
            "lat": -6.9932,
            "lon": 110.4215,
            "timezone": "Asia/Jakarta",
            "isp": "Biznet Metronet",
            "org": "",
            "as": "AS17451 BIZNET NETWORKS",
            "query": "182.253.109.41"
        }
    },
    {
        "ip": "49.0.2.242",
        "port": 8090,
        "geolocation": {
            "status": "success",
            "country": "Indonesia",
            "countryCode": "ID",
            "region": "JB",
            "regionName": "West Java",
            "city": "Cikarawang",
            "zip": "",
            "lat": -6.55344,
            "lon": 106.729,
            "timezone": "Asia/Jakarta",
            "isp": "PT Usaha Adi Sanggoro",
            "org": "",
            "as": "AS55701 PT. Usaha Adisanggoro",
            "query": "49.0.2.242"
        }
    },
    {
        "ip": "140.227.69.124",
        "port": 3180,
        "geolocation": {
            "status": "success",
            "country": "Japan",
            "countryCode": "JP",
            "region": "20",
            "regionName": "Nagano",
            "city": "Nagawa",
            "zip": "393-0035",
            "lat": 36.2836,
            "lon": 138.248,
            "timezone": "Asia/Tokyo",
            "isp": "InfoSphere",
            "org": "NTTPC Communications, Inc",
            "as": "AS2514 NTT PC Communications, Inc.",
            "query": "140.227.69.124"
        }
    },
    {
        "ip": "200.25.254.193",
        "port": 54240,
        "geolocation": {
            "status": "success",
            "country": "Colombia",
            "countryCode": "CO",
            "region": "VID",
            "regionName": "Departamento del Vichada",
            "city": "Puerto Carre\u00f1o",
            "zip": "990001",
            "lat": 6.1897,
            "lon": -67.4836,
            "timezone": "America/Bogota",
            "isp": "Andinet ON Line",
            "org": "Andinet ON Line",
            "as": "AS27763 ANDINET ON LINE",
            "query": "200.25.254.193"
        }
    },
    {
        "ip": "41.242.116.150",
        "port": 50000,
        "geolocation": {
            "status": "success",
            "country": "Mayotte",
            "countryCode": "YT",
            "region": "",
            "regionName": "Mamoudzou",
            "city": "Mamoudzou",
            "zip": "97600",
            "lat": -12.7809,
            "lon": 45.2279,
            "timezone": "Indian/Mayotte",
            "isp": "STOI-block1",
            "org": "",
            "as": "AS37614 STOI Internet",
            "query": "41.242.116.150"
        }
    },
    {
        "ip": "201.220.102.146",
        "port": 8080,
        "geolocation": {
            "status": "success",
            "country": "Chile",
            "countryCode": "CL",
            "region": "ML",
            "regionName": "Maule Region",
            "city": "Talca",
            "zip": "",
            "lat": -35.4264,
            "lon": -71.6554,
            "timezone": "America/Santiago",
            "isp": "Telefonica del Sur S.A.",
            "org": "Telefonica del Sur S.A",
            "as": "AS14117 Telefonica del Sur S.A.",
            "query": "201.220.102.146"
        }
    },
    {
        "ip": "187.1.57.206",
        "port": 20183,
        "geolocation": {
            "status": "success",
            "country": "Brazil",
            "countryCode": "BR",
            "region": "MG",
            "regionName": "Minas Gerais",
            "city": "Itabira",
            "zip": "35900",
            "lat": -19.577,
            "lon": -43.2814,
            "timezone": "America/Sao_Paulo",
            "isp": "Companhia Itabirana Telecomunica\u00e7\u00f5es Ltda",
            "org": "Companhia Itabirana Telecomunica\u00e7\u00f5es Ltda",
            "as": "AS28201 Companhia Itabirana Telecomunica\u00e7\u00f5es Ltda",
            "query": "187.1.57.206"
        }
    },
    {
        "ip": "3.126.79.210",
        "port": 3128,
        "geolocation": {
            "status": "success",
            "country": "Germany",
            "countryCode": "DE",
            "region": "HE",
            "regionName": "Hesse",
            "city": "Frankfurt am Main",
            "zip": "60313",
            "lat": 50.1109,
            "lon": 8.68213,
            "timezone": "Europe/Berlin",
            "isp": "Amazon Technologies Inc.",
            "org": "AWS EC2 (eu-central-1)",
            "as": "AS16509 Amazon.com, Inc.",
            "query": "3.126.79.210"
        }
    },
    {
        "ip": "103.164.99.58",
        "port": 8181,
        "geolocation": {
            "status": "success",
            "country": "Indonesia",
            "countryCode": "ID",
            "region": "JK",
            "regionName": "Jakarta",
            "city": "Jakarta",
            "zip": "",
            "lat": -6.1967,
            "lon": 106.822,
            "timezone": "Asia/Jakarta",
            "isp": "SOLUSINET",
            "org": "",
            "as": "AS17995 PT iForte Global Internet",
            "query": "103.164.99.58"
        }
    },
    {
        "ip": "94.159.72.74",
        "port": 8080,
        "geolocation": {
            "status": "success",
            "country": "Russia",
            "countryCode": "RU",
            "region": "MOW",
            "regionName": "Moscow",
            "city": "Moscow",
            "zip": "127576",
            "lat": 55.7483,
            "lon": 37.6171,
            "timezone": "Europe/Moscow",
            "isp": "\"NetCom-R\" LLC",
            "org": "NetCom-R LLC",
            "as": "AS49531 NetCom-R LLC",
            "query": "94.159.72.74"
        }
    },
    {
        "ip": "31.186.239.244",
        "port": 8080,
        "geolocation": {
            "status": "success",
            "country": "Netherlands",
            "countryCode": "NL",
            "region": "NH",
            "regionName": "North Holland",
            "city": "Amsterdam",
            "zip": "1012",
            "lat": 52.3759,
            "lon": 4.8975,
            "timezone": "Europe/Amsterdam",
            "isp": "NetSkope Inc",
            "org": "InterNAP Network Services",
            "as": "AS55256 Netskope Inc",
            "query": "31.186.239.244"
        }
    },
    {
        "ip": "165.16.60.209",
        "port": 8080,
        "geolocation": {
            "status": "success",
            "country": "Libya",
            "countryCode": "LY",
            "region": "JG",
            "regionName": "Jabal al Gharbi",
            "city": "Zintan",
            "zip": "",
            "lat": 31.9315,
            "lon": 12.2529,
            "timezone": "Africa/Tripoli",
            "isp": "Aljeel Aljadeed For Technology",
            "org": "Aljeel Aljadeed Technology",
            "as": "AS37284 Aljeel Aljadeed For Technology",
            "query": "165.16.60.209"
        }
    },
    {
        "ip": "146.120.199.193",
        "port": 8080,
        "geolocation": {
            "status": "success",
            "country": "Ukraine",
            "countryCode": "UA",
            "region": "53",
            "regionName": "Poltava Oblast",
            "city": "Hadyach",
            "zip": "37300",
            "lat": 50.3671,
            "lon": 33.9901,
            "timezone": "Europe/Kyiv",
            "isp": "FiberLink Ltd.",
            "org": "FiberLink Ltd",
            "as": "AS56673 FiberLink Ltd.",
            "query": "146.120.199.193"
        }
    },
    {
        "ip": "45.167.125.61",
        "port": 9992,
        "geolocation": {
            "status": "success",
            "country": "Colombia",
            "countryCode": "CO",
            "region": "CAU",
            "regionName": "Departamento del Cauca",
            "city": "Popay\u00e1n",
            "zip": "190001",
            "lat": 2.4764,
            "lon": -76.5716,
            "timezone": "America/Bogota",
            "isp": "Sepcom Comunicaciones SAS",
            "org": "Sepcom Comunicaciones",
            "as": "AS269804 SEPCOM COMUNICACIONES SAS",
            "query": "45.167.125.61"
        }
    },
    {
        "ip": "103.47.173.169",
        "port": 8080,
        "geolocation": {
            "status": "success",
            "country": "India",
            "countryCode": "IN",
            "region": "UP",
            "regionName": "Uttar Pradesh",
            "city": "Lucknow",
            "zip": "226007",
            "lat": 26.8756,
            "lon": 80.9115,
            "timezone": "Asia/Kolkata",
            "isp": "Precious netcom pvt ltd",
            "org": "Gstech Software Systems Pvt Ltd",
            "as": "AS133676 Precious netcom pvt ltd",
            "query": "103.47.173.169"
        }
    },
    {
        "ip": "195.3.245.193",
        "port": 3128,
        "geolocation": {
            "status": "success",
            "country": "Russia",
            "countryCode": "RU",
            "region": "43",
            "regionName": "Crimea",
            "city": "Simferopol",
            "zip": "10421",
            "lat": 44.9521,
            "lon": 34.1024,
            "timezone": "Europe/Simferopol",
            "isp": "CrimeaCom South LLC",
            "org": "CrimeaCom South LLC",
            "as": "AS28761 CrimeaCom South LLC",
            "query": "195.3.245.193"
        }
    },
    {
        "ip": "186.166.138.51",
        "port": 999,
        "geolocation": {
            "status": "success",
            "country": "Venezuela",
            "countryCode": "VE",
            "region": "J",
            "regionName": "Gu\u00e1rico",
            "city": "Calabozo",
            "zip": "",
            "lat": 8.92416,
            "lon": -67.4293,
            "timezone": "America/Caracas",
            "isp": "TELEFONICA VENEZOLANA, C.A.",
            "org": "TELEFONICA VENEZOLANA, C.A",
            "as": "AS6306 TELEFONICA VENEZOLANA, C.A.",
            "query": "186.166.138.51"
        }
    },
    {
        "ip": "216.155.89.66",
        "port": 999,
        "geolocation": {
            "status": "success",
            "country": "Chile",
            "countryCode": "CL",
            "region": "LL",
            "regionName": "Los Lagos Region",
            "city": "Port Montt",
            "zip": "",
            "lat": -41.4709,
            "lon": -72.9436,
            "timezone": "America/Santiago",
            "isp": "Telefonica del Sur S.A.",
            "org": "Telefonica del Sur S.A",
            "as": "AS14117 Telefonica del Sur S.A.",
            "query": "216.155.89.66"
        }
    },
    {
        "ip": "201.222.45.52",
        "port": 999,
        "geolocation": {
            "status": "success",
            "country": "Chile",
            "countryCode": "CL",
            "region": "RM",
            "regionName": "Santiago Metropolitan",
            "city": "Santiago",
            "zip": "34033",
            "lat": -33.4513,
            "lon": -70.6653,
            "timezone": "America/Santiago",
            "isp": "GRUPO ULLOA SpA",
            "org": "GRUPO ULLOA SpA",
            "as": "AS271783 GRUPO ULLOA SpA",
            "query": "201.222.45.52"
        }
    },
    {
        "ip": "157.100.12.138",
        "port": 999,
        "geolocation": {
            "status": "success",
            "country": "Ecuador",
            "countryCode": "EC",
            "region": "L",
            "regionName": "Provincia de Loja",
            "city": "Celica",
            "zip": "",
            "lat": -4.10266,
            "lon": -79.9566,
            "timezone": "America/Guayaquil",
            "isp": "Telconet S.A",
            "org": "Ecuanet - Corporacion Ecuatoriana De Informacion",
            "as": "AS27947 Telconet S.A",
            "query": "157.100.12.138"
        }
    },
    {
        "ip": "91.194.239.122",
        "port": 8080,
        "geolocation": {
            "status": "success",
            "country": "Ukraine",
            "countryCode": "UA",
            "region": "43",
            "regionName": "Crimea",
            "city": "Bakhchisaray",
            "zip": "",
            "lat": 44.7538,
            "lon": 33.8565,
            "timezone": "Europe/Simferopol",
            "isp": "TOV NEO-TELECOM",
            "org": "TOV NEO-TELECOM",
            "as": "AS43400 TOV NEO-TELECOM",
            "query": "91.194.239.122"
        }
    },
    {
        "ip": "177.222.179.106",
        "port": 8080,
        "geolocation": {
            "status": "success",
            "country": "Brazil",
            "countryCode": "BR",
            "region": "RJ",
            "regionName": "Rio de Janeiro",
            "city": "Rio de Janeiro",
            "zip": "24000",
            "lat": -22.9201,
            "lon": -43.0811,
            "timezone": "America/Sao_Paulo",
            "isp": "FNT Telecomunica\u00e7\u00f5es e acesso a redes de Internet",
            "org": "SC PROVEDOR TELECOM ACESSO A REDES DE INTERNET EIR",
            "as": "AS263390 FNT Telecomunica\u00e7\u00f5es e Acesso a Redes de Internet",
            "query": "177.222.179.106"
        }
    },
    {
        "ip": "122.155.165.191",
        "port": 3128,
        "geolocation": {
            "status": "success",
            "country": "Thailand",
            "countryCode": "TH",
            "region": "10",
            "regionName": "Bangkok",
            "city": "Ratchathewi",
            "zip": "10400",
            "lat": 13.7544,
            "lon": 100.542,
            "timezone": "Asia/Bangkok",
            "isp": "CAT Telecom Public Company Limited",
            "org": "",
            "as": "AS9335 CAT Telecom Public Company Limited",
            "query": "122.155.165.191"
        }
    },
    {
        "ip": "140.227.80.237",
        "port": 3180,
        "geolocation": {
            "status": "success",
            "country": "Japan",
            "countryCode": "JP",
            "region": "13",
            "regionName": "Tokyo",
            "city": "Chiyoda",
            "zip": "100-8111",
            "lat": 35.6906,
            "lon": 139.77,
            "timezone": "Asia/Tokyo",
            "isp": "InfoSphere",
            "org": "NTTPC Communications, Inc",
            "as": "AS2514 NTT PC Communications, Inc.",
            "query": "140.227.80.237"
        }
    },
    {
        "ip": "38.41.0.88",
        "port": 999,
        "geolocation": {
            "status": "success",
            "country": "Venezuela",
            "countryCode": "VE",
            "region": "A",
            "regionName": "Distrito Federal",
            "city": "Caracas",
            "zip": "",
            "lat": 10.5048,
            "lon": -66.9208,
            "timezone": "America/Caracas",
            "isp": "MDS TELECOM C.A.",
            "org": "MDS Telecom LLC",
            "as": "AS269832 MDS TELECOM C.A.",
            "query": "38.41.0.88"
        }
    },
    {
        "ip": "103.152.232.100",
        "port": 8080,
        "geolocation": {
            "status": "success",
            "country": "Indonesia",
            "countryCode": "ID",
            "region": "JB",
            "regionName": "West Java",
            "city": "Subang",
            "zip": "",
            "lat": -7.131,
            "lon": 108.5267,
            "timezone": "Asia/Jakarta",
            "isp": "PT Kingpolah Network Solutions",
            "org": "PT Kingpolah Network Solutions",
            "as": "AS140446 PT Kingpolah Network Solutions",
            "query": "103.152.232.100"
        }
    },
    {
        "ip": "129.226.15.129",
        "port": 80,
        "geolocation": {
            "status": "success",
            "country": "Hong Kong",
            "countryCode": "HK",
            "region": "HCW",
            "regionName": "Central and Western District",
            "city": "Central",
            "zip": "96521",
            "lat": 22.2908,
            "lon": 114.1501,
            "timezone": "Asia/Hong_Kong",
            "isp": "Tencent Cloud Computing (Beijing) Co",
            "org": "",
            "as": "AS132203 Tencent Building, Kejizhongyi Avenue",
            "query": "129.226.15.129"
        }
    },
    {
        "ip": "128.199.67.35",
        "port": 80,
        "geolocation": {
            "status": "success",
            "country": "Singapore",
            "countryCode": "SG",
            "region": "05",
            "regionName": "South West",
            "city": "Singapore",
            "zip": "627753",
            "lat": 1.32123,
            "lon": 103.695,
            "timezone": "Asia/Singapore",
            "isp": "DigitalOcean, LLC",
            "org": "DigitalOcean, LLC",
            "as": "AS14061 DigitalOcean, LLC",
            "query": "128.199.67.35"
        }
    },
    {
        "ip": "186.67.192.246",
        "port": 8080,
        "geolocation": {
            "status": "success",
            "country": "Chile",
            "countryCode": "CL",
            "region": "RM",
            "regionName": "Santiago Metropolitan",
            "city": "Santiago",
            "zip": "34033",
            "lat": -33.4513,
            "lon": -70.6653,
            "timezone": "America/Santiago",
            "isp": "Entel Chile S.A.",
            "org": "Entel Chile S.A",
            "as": "AS27651 ENTEL CHILE S.A.",
            "query": "186.67.192.246"
        }
    },
    {
        "ip": "103.155.54.185",
        "port": 83,
        "geolocation": {
            "status": "success",
            "country": "India",
            "countryCode": "IN",
            "region": "WB",
            "regionName": "West Bengal",
            "city": "Kolkata",
            "zip": "700028",
            "lat": 22.518,
            "lon": 88.3832,
            "timezone": "Asia/Kolkata",
            "isp": "abuse-mailbox: (abuse@pegasuswave.com)",
            "org": "Pegasuswave Private Limited",
            "as": "AS140148 Pegasuswave Private Limited",
            "query": "103.155.54.185"
        }
    },
    {
        "ip": "92.247.147.210",
        "port": 8080,
        "geolocation": {
            "status": "success",
            "country": "Bulgaria",
            "countryCode": "BG",
            "region": "16",
            "regionName": "Plovdiv",
            "city": "Plovdiv",
            "zip": "4000",
            "lat": 42.1513,
            "lon": 24.7518,
            "timezone": "Europe/Sofia",
            "isp": "A1 Bulgaria EAD",
            "org": "Spectrum",
            "as": "AS8717 A1 Bulgaria EAD",
            "query": "92.247.147.210"
        }
    }
]